Workbook

Sheet danh-muc-linh-kien
A1: ma_linh_kien | B1: ten_thiet_bi | C1: don_gia | D1: loai_storage
A2: LK001 | B2: Mini PC Intel N100 8GB | C2: 4200000 | D2: SSD
A3: LK002 | B3: Mini PC Intel N95 4GB | C3: 3600000 | D3: SSD
A4: LK003 | B4: Raspberry Pi 4B 4GB | C4: 1500000 | D4: SSD
A5: LK004 | B5: Orange Pi 5 8GB | C5: 2900000 | D5: SSD
A6: LK005 | B6: Industrial Box PC Core i3 | C6: 9500000 | D6: SSD
A7: LK006 | B7: Mini PC Celeron J4125 | C7: 3900000 | D7: HDD
A8: LK007 | B8: Jetson Nano 4GB | C8: 3400000 | D8: SSD
A9: LK008 | B9: Mini PC AMD Ryzen 3 | C9: 6200000 | D9: SSD
A10: LK009 | B10: Thin Client J1900 | C10: 2100000 | D10: HDD
A11: LK010 | B11: Rock Pi 4 4GB | C11: 1900000 | D11: SSD

Sheet trang-thai-tram
A1: ma_tram | B1: ma_linh_kien | C1: dung_luong_ram | D1: ngay_lap_dat | E1: ten_thiet_bi
A2: TR001 | B2: LK006 | C2: 16 | D2: 45812 | E2: =VLOOKUP(TRIM(B2),'danh-muc-linh-kien'!$A$2:$D$11,2,FALSE()) -> Mini PC Celeron J4125
A3: TR002 | B3: LK001 | C3: 2 | D3: 45732 | E3: =VLOOKUP(TRIM(B3),'danh-muc-linh-kien'!$A$2:$D$11,2,FALSE()) -> Mini PC Intel N100 8GB
A4: TR003 | B4: LK006 | C4: 2 | D4: 46254 | E4: =VLOOKUP(TRIM(B4),'danh-muc-linh-kien'!$A$2:$D$11,2,FALSE()) -> Mini PC Celeron J4125
A5: TR004 | B5: LK009 | C5: 2 | D5: 45877 | E5: =VLOOKUP(TRIM(B5),'danh-muc-linh-kien'!$A$2:$D$11,2,FALSE()) -> Thin Client J1900
A6: TR005 | B6: LK002 | C6: 16 | D6: 46102 | E6: =VLOOKUP(TRIM(B6),'danh-muc-linh-kien'!$A$2:$D$11,2,FALSE()) -> Mini PC Intel N95 4GB
A7: TR006 | B7: LK002 | C7: 2 | D7: 45904 | E7: =VLOOKUP(TRIM(B7),'danh-muc-linh-kien'!$A$2:$D$11,2,FALSE()) -> Mini PC Intel N95 4GB
A8: TR007 | B8: LK009 | C8: 2 | D8: 46092 | E8: =VLOOKUP(TRIM(B8),'danh-muc-linh-kien'!$A$2:$D$11,2,FALSE()) -> Thin Client J1900
A9: TR008 | B9: LK010 | C9: 4 | D9: 45784 | E9: =VLOOKUP(TRIM(B9),'danh-muc-linh-kien'!$A$2:$D$11,2,FALSE()) -> Rock Pi 4 4GB
A10: TR009 | B10: LK010 | C10: 16 | D10: 45721 | E10: =VLOOKUP(TRIM(B10),'danh-muc-linh-kien'!$A$2:$D$11,2,FALSE()) -> Rock Pi 4 4GB
A11: TR010 | B11: LK001 | C11: 2 | D11: 45884 | E11: =VLOOKUP(TRIM(B11),'danh-muc-linh-kien'!$A$2:$D$11,2,FALSE()) -> Mini PC Intel N100 8GB
A12: TR011 | B12: LK009 | C12: 8 | D12: 45794 | E12: =VLOOKUP(TRIM(B12),'danh-muc-linh-kien'!$A$2:$D$11,2,FALSE()) -> Thin Client J1900
A13: TR012 | B13: LK007 | C13: 2 | D13: 45805 | E13: =VLOOKUP(TRIM(B13),'danh-muc-linh-kien'!$A$2:$D$11,2,FALSE()) -> Jetson Nano 4GB
... A101: TR100 | B101: LK003 | C101: 8 | D101: 45720 | E101: =VLOOKUP(TRIM(B101),'danh-muc-linh-kien'!$A$2:$D$11,2,FALSE()) -> Raspberry Pi 4B 4GB

Sheet huong-dan
A1: HUONG DAN SU DUNG
A2: Vung du lieu o 2 sheet dau KHONG co hang trong, KHONG Merge Cell -> AutoFilter chay dung.
A3: Cot ten_thiet_bi (sheet trang-thai-tram) la cong thuc VLOOKUP - KHONG go de len.
A4: Chu xanh duong = o nhap lieu (duoc sua). Chu den = cong thuc (khong sua).
A5: Cot dung_luong_ram don vi GB. Cot don_gia don vi VND. Du lieu la gia lap.
A6: Mau 1 dong de nhap them: TR101 | LK003 | 4 | 29/10/2026 | (tu dong)
A8: TINH THOI GIAN TAI FILE LOG (b nho = bit, B hoa = Byte; vi du 80 Mbps = 10 MB/s)
A9: Dung luong file log (MB) | B9: 500
A10: Toc do mang (Mbps) | B10: 100
A11: He so quy doi (1 byte = 8 bit) | B11: 8
A12: Toc do thuc te (MB/s) | B12: =B10/B11 -> 12.5
A13: Thoi gian tai (giay) | B13: =B9/B12 -> 40
A14: Thoi gian tai (phut) | B14: =B13/60 -> 0.66666667
A16: Toc do mang (Mbps) | B16: MB/s | C16: Thoi gian (giay)
A17: 10 | B17: =A17/$B$11 -> 1.25 | C17: =$B$9/B17 -> 400
A18: 50 | B18: =A18/$B$11 -> 6.25 | C18: =$B$9/B18 -> 80
A19: 80 | B19: =A19/$B$11 -> 10 | C19: =$B$9/B19 -> 50
A20: 100 | B20: =A20/$B$11 -> 12.5 | C20: =$B$9/B20 -> 40
A21: 1000 | B21: =A21/$B$11 -> 125 | C21: =$B$9/B21 -> 4
